Frequency (MHz),Power (Watts),Error Time (s),Error Distance,Hamming Distance,Error Iterations Since Last Error
3075,54.78,4.219000394999995,1906124172887038448,248381,0
3060,54.83,4.890136699999999,3405793805657256320,293538,1
3060,54.71,4.887938247000022,1980199195622471800,331564,1
3060,54.84,4.903722817999977,8157464397109853496,370632,1
3060,55.04,4.892678145000019,17897706784961586,417149,1
3060,55.08,4.892757163999988,8433739203435724752,454024,1
3060,55.33,4.895671071999999,3116177800725971224,487650,1
3060,55.59,4.894156404,18285448299010947368,511849,1
