Frequency (MHz),Power (Watts),Error Time (s),Error Distance,Hamming Distance,Error Iterations Since Last Error
3075,55.73,4.239171524,660502863505360880,205269,0
3075,55.90,4.966956611999997,2453466592961661456,190633,1
3075,55.85,4.970144435999998,13011961671358969912,262313,1
3075,56.12,4.971046326,18415368310511038376,309364,1
3075,55.92,4.990887698999998,2046071321895514880,292017,1
