Frequency (MHz),Power (Watts),Error Time (s),Error Distance,Hamming Distance,Error Iterations Since Last Error
3075,56.07,4.237705113000004,1835185422222015256,296935,0
3075,56.16,4.929695447999997,16865867706186149408,310242,1
3075,56.43,4.909941878000005,14672532206712276888,387992,1
3075,56.53,4.922358643999999,17484446542322618968,463794,1
3075,56.44,4.9130400640000005,9791093940393908536,438648,1
3060,56.57,4.919349695999998,3085924563950669992,455029,1
